id,page,status,rank,name,best_for,gig_title,rating,reviews,level,starting_price,checked,why,watch_out,gig_url,affiliate_url,photo,gig_image
logo-design-loftydesignshop,graphics-design/logo-design,live,1,Alpa (Loftydesignshop),Best overall for clean minimalist logos,I will design a creative minimalist logo,4.9,12760,Vetted Pro,110,2026-10-02,"A small studio focused on simple, modern logos, with one of the longest review histories in the category. Every package delivers in two days, and vector and source files start from the middle package. A good fit if you want a clean wordmark or symbol without a long process.","Does not take cartoon or mascot logos. The basic package has no vector or source files, and the order queue is often long.",https://www.fiverr.com/loftydesignshop/do-modern-minimalist-logo-design-for-your-business,,,
logo-design-skydesigner,graphics-design/logo-design,live,2,Bojan Sandic,Best for unlimited revisions in every package,I will design creative logo with all files in 72h,4.9,11074,Vetted Pro,120,2026-10-02,"Every package, including the basic one, comes with vector and source files and unlimited revisions, so you are not pushed into a higher tier just to get usable files. Delivery is three days across the board. A solid choice for a first logo where you expect a few rounds of changes.",Packages differ mainly in the number of concepts; extras such as mockups or a style guide are not included.,https://www.fiverr.com/skydesigner/make-you-awsome-logo-for-you-or-your-company,,,
logo-design-mewindson,graphics-design/logo-design,live,3,Bhavik C,Best for a logo plus brand extras,I will design a modern minimal custom logo for your business,4.9,128,Vetted Pro,125,2026-10-02,"An experienced brand designer who starts with a short questionnaire and builds concepts from it. The top package adds a mini brand guide, social media kit and stationery, which is useful if you need a starter identity rather than a logo alone.","This gig has fewer reviews than the seller's overall profile, and the order queue can be long. Vector files start from the middle package.",https://www.fiverr.com/mewindson/design-a-modern-minimal-custom-logo-for-your-business,,,
logo-design-l_nuge,graphics-design/logo-design,live,4,Edwin Jo,Best for hand-drawn and vintage styles,I will do 2 hand drawn logo and brand identity for your business,4.9,18,Vetted Pro,100,2026-10-02,"Specializes in hand-drawn, vintage and mascot-style logos drawn from scratch. Source and vector files are included from the basic package, and the top package adds a brand style guide. A good match for cafés, outdoor brands, breweries and other businesses that want character.","Relatively few reviews on this gig so far, so check the portfolio closely.",https://www.fiverr.com/l_nuge/do-vintage-hand-drawn-logo-and-brand-identity-for-your-business,,,
logo-design-borydesign,graphics-design/logo-design,live,5,Jess (Borydesign),Best for authentic retro logos,I will design a retro vintage logo,4.8,17820,Vetted Pro,100,2026-10-02,"A long-established designer who focuses almost entirely on retro and vintage logos, with a very large review history. The middle package adds custom shapes, source files and a social media kit.","Delivery is five days in every package, slower than most. The basic package has no source file.",https://www.fiverr.com/borydesign/design-a-retro-vintage-logo,,,
logo-design-softriver,graphics-design/logo-design,live,6,Louis Key (Softriver),Best for fast delivery with brand guidelines,I will design a world class business logo,4.8,2088,Vetted Pro,140,2026-10-02,"A US-based team offering hand-crafted minimalist concepts with vector and source files in every package and two-day delivery. The top package adds brand guidelines, stationery and a social media kit.",Only two revisions in the basic and standard packages.,https://www.fiverr.com/softriver/design-a-world-class-wordmark,,,
logo-design-valeriiaty,graphics-design/logo-design,live,7,Valeriia T,"Best for elegant, feminine and boho brands","I will design a luxury, elegant premium logo and branding",4.8,492,Vetted Pro,100,2026-10-02,"A brand identity designer with a distinctive elegant, botanical and hand-drawn style, suited to beauty, wellness, wedding and lifestyle brands. Vector and source files are included from the basic package; the top package adds stationery and a style guide.",A very specific aesthetic; look elsewhere for corporate or tech logos. Replies can take a few hours.,https://www.fiverr.com/valeriiaty/design-a-feminine-botanical-boho-hand-drawn-logo-for-you,,,
website-development-csmarketingllc,programming-tech/website-development,live,1,Chris S,Best overall for custom Wix business sites,I will build your professional wix website with unlimited revisions,4.9,889,Vetted Pro,295,2026-10-02,"A US-based designer who builds custom Wix sites from scratch rather than from templates. The middle package covers five pages with a small store, payments, email sign-up and speed work, with unlimited revisions. A good fit for small businesses that want to edit their own site after launch.","Delivery is two weeks for every package, and the site is tied to the Wix platform.",https://www.fiverr.com/csmarketingllc/design-develop-or-redesign-a-wix-website,,,
website-development-arif587,programming-tech/website-development,live,2,Arif,Best for clinics and healthcare practices,I will design a hipaa compliant medical and healthcare website,4.9,795,Vetted Pro,150,2026-10-02,"A WordPress developer who focuses on websites for clinics, dentists, therapists and other practices, with appointment booking from the middle package. Hosting setup is included in every tier, which helps if you are starting from nothing.",We cannot verify compliance claims such as HIPAA. Confirm privacy and data requirements with your own advisor before collecting patient information.,https://www.fiverr.com/arif587/design-medical-and-healthcare-website,,,
website-development-taibacreation,programming-tech/website-development,live,3,Khalid M. (Taibacreation),Best for fast WordPress landing pages and small sites,"Our agency will design, redesign your wordpress website into a modern premium brand",4.9,223,Vetted Pro,100,2026-10-02,"A WordPress agency that offers quick turnarounds, from a single landing page in two days to a seven-page site with a store in ten. Unlimited revisions from the middle package. Useful if you need a modern WordPress site quickly.","This is an agency, so ask who will work on your site. The order queue can be busy.",https://www.fiverr.com/taibacreation/create-wordpress-responsive-website-theme-page-layout-and-plugins,,,
website-development-phoebe_johnson,programming-tech/website-development,live,4,P J,Best for a US-based WordPress developer,"I will create website, wordpress website, website design, wordpress website redesign",4.9,153,Vetted Pro,185,2026-10-02,"A Virginia-based WordPress developer with ten years of experience across many business types. All packages include unlimited revisions, and the higher tiers add hosting setup, store features and speed optimization.","Delivery is slower than average, up to three weeks for the top package.",https://www.fiverr.com/phoebe_johnson/build-website-for-your-wordpress-website-design,,,
website-development-mr_darshanpatel,programming-tech/website-development,live,5,Darshan,Best for Wix and Wix Studio landing pages,"I will design, develop, redesign your business wix website, landing page or wix studio",4.9,53,Vetted Pro,150,2026-10-02,"A Wix and Wix Studio specialist who suits small sites and landing pages. Hosting setup is included from the basic package, and revisions increase with each tier.","Fewer reviews than other picks here, and the basic package is a single short page.",https://www.fiverr.com/mr_darshanpatel/design-develop-or-redesign-your-business-wix-website-or-landing-page,,,
video-editing-mridul4567,video-animation/video-editing,live,1,Scaler Studios,Best overall for quick business edits,Our agency will do professional video editing within 24 hours,4.9,1218,Vetted Pro,100,2026-10-02,"An editing studio with a long review history that works from your footage and a custom quote. Every package includes unlimited revisions, and the higher tiers add color grading, motion graphics and sound design. A good fit for short business, social and promo videos.","Asks you to message before ordering for a quote. Packages cover short running times, up to six minutes.",https://www.fiverr.com/mridul4567/video-editting-experiece-for-over-4-years,,,
video-editing-zayn04,video-animation/video-editing,live,2,Lynxify Studio,Best for YouTube and Reels with source files,Our agency will do professional youtube video editing and instagram reels,4.7,97,Vetted Pro,100,2026-10-02,"An in-house team of editors and motion designers covering YouTube videos, Shorts, Reels, vlogs and ads. The middle and top packages include the project source file, and the top package adds subtitles and a thumbnail.",Fewer reviews than other picks and a slightly lower rating. The basic package covers only one minute of finished video.,https://www.fiverr.com/zayn04/podcast-video-editing-ads-instagram-reels-video-editing-wedding,,,
video-editing-crslaytor,video-animation/video-editing,live,3,Kristiyan (Chris),"Best for corporate videos, courses and interviews",I will do professional video editing and post production,4.9,9835,Top Rated,,2026-10-02,"A video editor with over ten years of experience and one of the largest review histories in the category. Edits corporate videos, ads, podcasts, interviews, online courses and social content, with clean cuts, color correction and audio work.","Works through custom offers rather than fixed packages, so send your brief first and compare the quote.",https://www.fiverr.com/crslaytor/do-professional-video-editing,,,
video-editing-prithvirajp99,video-animation/video-editing,live,4,Prithviraj,Best value for regular YouTube uploads,I will professionally edit your youtube video,4.9,4816,Top Rated,70,2026-10-02,"Focuses on YouTube videos with jump cuts, b-roll, text, transitions and subtitles in every package, plus unlimited revisions. Handles up to two hours of footage in the top package, which suits talking-head channels and vlogs.","Delivery takes about a week, and the queue is often long. Color grading is only in the top package.",https://www.fiverr.com/prithvirajp99/be-your-creative-youtube-video-editor,,,
video-editing-luiseeditor,video-animation/video-editing,live,5,Luis R,Best for brand and marketing videos,I will do professional video editing,4.9,2734,Top Rated,100,2026-10-02,"An experienced editor who has worked with well-known brands, offering polished edits with color, sound and motion graphics from the basic package. The top package adds subtitles, a thumbnail and the source file.","Revision counts are limited, from two to four depending on the package. Larger projects may involve his team.",https://www.fiverr.com/luiseeditor/do-professional-video-editing,,,
video-editing-achodafake,video-animation/video-editing,live,6,Tanvir Ahmed,Best budget pick for simple edits,I will do best video editing in 24 hours,4.9,2649,Top Rated,50,2026-10-02,"Affordable, fast editing for many kinds of footage, including template edits, green screen, drone and event videos. Every package delivers in two days with unlimited revisions.",Asks you to message before ordering. Best for straightforward edits rather than complex storytelling.,https://www.fiverr.com/achodafake/do-best-video-editing-in-24-hours,,,
ugc-videos-tsmediagroup,video-animation/ugc-videos,live,1,Triston Smith,Best overall for edited UGC ads,I will create a pro ugc video with american spokesperson,5.0,251,Vetted Pro,150,2026-10-02,"A US-based male creator who delivers polished, edited UGC ads in 4K with b-roll, graphics and captions in every package, plus a version without captions. The 30 and 60-second packages include unlimited usage rights, which is useful for running the video as a paid ad.","Delivery is a week. The 15-second package includes only three months of usage rights, and there are two revisions per package.",https://www.fiverr.com/tsmediagroup/make-ugc-tiktoks-and-reels-i-am-young-american-male,,,
ugc-videos-carlostrezor,video-animation/ugc-videos,live,2,Carlos Trezor,Best for fast turnaround from a trained actor,I will create engaging and authentic ugc videos,5.0,195,Vetted Pro,160,2026-10-02,"A professionally trained actor with commercial and TV experience who delivers in two days. The top package is a full service with script, editing, animations, b-roll and three different opening hooks to test, plus six months of usage rights.","Usage rights are time-limited (three to six months), and the lower packages include one revision.",https://www.fiverr.com/carlostrezor/create-professional-and-authentic-ugc-videos,,,
ugc-videos-briandare,video-animation/ugc-videos,live,3,Brian D,Best for talking-head explainers and announcements,I will produce a pro ugc and spokesperson video,5.0,175,Vetted Pro,120,2026-10-02,"A US-based presenter suited to talking-head ads, product announcements, video sales letters and app promotions. The middle and top packages include captions and unlimited usage rights, and the top package adds b-roll and graphics.","Replies can take several hours, and the basic package includes only three months of usage rights.",https://www.fiverr.com/briandare/a-ugc-user-generated-content-video-for-tiktok-reels-facebook-youtube,,,
ugc-videos-signedasha,video-animation/ugc-videos,live,4,Asha B.,"Best for beauty, home and lifestyle brands","I will create ugc tiktok style ad for your instagram, tiktok, facebook",5.0,156,Vetted Pro,,2026-10-02,"An Austin-based female UGC creator who has worked with many consumer brands across beauty, home and retail, and can share her portfolio and home filming locations before you order.","Asks you to message before booking, so pricing and rights depend on the custom offer.",https://www.fiverr.com/signedasha/create-ugc-videos-for-your-tiktok-instagram-facebook-youtube-ads,,,
ugc-videos-ugccara,video-animation/ugc-videos,live,5,Cara T.,Best for scripted UGC with acting skills,"I will create female content creator ugc videos for tiktok, instagram, facebooks ads",5.0,118,Vetted Pro,150,2026-10-02,"A trained actor and content creator who writes the script, chooses clothing and location and adds captions in every package. A good choice if you do not have a script and want natural, story-led ads.","Usage rights are three months in every package, with one revision. Replies can take several hours.",https://www.fiverr.com/ugccara/create-ugc-videos-for-your-tiktok-and-social-medias,,,
ugc-videos-alliemadison12,video-animation/ugc-videos,live,6,Allison,Best for natural spokesperson videos,"I will create a natural ugc video ad for facebook, instagram, tiktok, youtube",4.9,658,Vetted Pro,,2026-10-02,"An experienced female spokesperson with a long review history, making natural selfie-style videos for social ads. She clearly refuses fake testimonials or false claims, which protects your brand's credibility.","Accepts new clients on a limited basis and works through custom offers, so message first.",https://www.fiverr.com/alliemadison12/create-a-natural-selfie-style-video,,,
search-engine-optimization-seo-manavsharma909,online-marketing/search-engine-optimization-seo,live,1,Manav S,Best overall for ongoing SEO on any platform,"I will do full monthly seo service for shopify, wordpress, wix, squarespace, webflow",4.9,124,Vetted Pro,250,2026-10-02,"An experienced SEO consultant who starts with a site audit, keyword research and competitor analysis, then works on on-page and technical improvements. Covers WordPress, Shopify, Wix, Squarespace and Webflow, and also offers hourly work for longer projects.","The basic package covers only two keywords, so it works best as a starting audit. Ask exactly which off-page work is included.",https://www.fiverr.com/manavsharma909/do-semrush-seo-keyword-research-and-competitor-analysis,,,
search-engine-optimization-seo-tolmergroup,online-marketing/search-engine-optimization-seo,live,2,Nicole C,Best for WordPress on-page optimization,I will optimize your wordpress site for SEO,5.0,902,Top Rated,150,2026-10-02,"An Australia-based specialist who optimizes WordPress pages one by one: titles, headings, meta descriptions, image alt text, schema markup and a page audit, with keyword research included. Clear, fixed scope per page.","WordPress only, and the work is on-page. Technical fixes and content writing are separate.",https://www.fiverr.com/tolmergroup/optimize-your-wordpress-site-for-seo,,,
search-engine-optimization-seo-ranking_wolf,online-marketing/search-engine-optimization-seo,live,3,Seo By Alee,Best budget pick for small sites,I will do technical onpage seo optimization wordpress wix shopify squarespace godaddy,5.0,377,Level 2,40,2026-10-02,"Affordable on-page SEO for WordPress, Wix, Shopify, Squarespace and GoDaddy sites, with schema markup and keyword research in every package. The top package adds technical SEO and speed optimization across twelve pages.",Not a Top Rated or Pro seller. The basic package is a light starter fix for a couple of pages.,https://www.fiverr.com/ranking_wolf/do-wordpress-technical-onpage-seo-optimization-for-google-ranking,,,
search-engine-optimization-seo-fab_seo_expert,online-marketing/search-engine-optimization-seo,live,4,Sakshi B,Best for an audit plus on-page fixes,I will do onpage seo optimization for shopify wordpress wix webflow squarespace,5.0,217,Top Rated,100,2026-10-02,"Combines a website audit with on-page optimization for one to ten pages on the major site builders, with keyword research that grows with each package.",Technical SEO is only included in the top package.,https://www.fiverr.com/fab_seo_expert/do-website-seo-optimization-for-shopify-wordpress-wix-and-squarespace,,,
search-engine-optimization-seo-makfro,online-marketing/search-engine-optimization-seo,live,5,Sharmin A,Best for technical SEO and indexing problems,"I will do on page and technical SEO, website audit, google search console indexing",4.9,632,Level 2,55,2026-10-02,"Focuses on the technical side: site audits, indexing, XML sitemaps, robots.txt, image compression and HTTPS. A useful choice if pages are not showing up in search or your site health score is low.","Technical work only. Packages are described by health score targets, which are a tool metric rather than a ranking guarantee.",https://www.fiverr.com/makfro/do-on-page-and-technical-seo-website-audit-google-search-console-indexing,,,
shopify-nickjohnson1,programming-tech/shopify,live,1,Nick,Best overall for a complete new store,I will build your professional dropshipping shopify store,5.0,2931,Vetted Pro,295,2026-10-02,"A Shopify developer with a very large review history who sets up the whole store: premium theme, pages, products, payments, email sign-up, apps and speed work, even in the basic package. A good fit if you want a ready-to-launch store in about a week.","Packages are built around dropshipping. If you sell your own products, say so in your brief. The order queue is often busy.",https://www.fiverr.com/nickjohnson1/build-your-professional-dropshipping-shopify-store,,,
shopify-wokaya,programming-tech/shopify,live,2,Wokaya,Best for a US-based Shopify expert on a smaller budget,"I will do shopify store design, shopify website or dropshipping store",5.0,1186,Vetted Pro,110,2026-10-02,"A Texas-based Shopify specialist offering store design, redesigns and dropshipping setups with unlimited revisions in every package. The top package adds SEO basics, a logo and three weeks of support after launch.","Asks you to message before ordering. Treat any sales figures in gig descriptions as examples, not a promise for your store.",https://www.fiverr.com/wokaya/create-shopify-dropshipping-store,,,
shopify-dylanandco,programming-tech/shopify,live,3,Dylan & Co,Best for an agency with ongoing support,I will build your shopify website or shopify dropshipping store,4.9,1226,Vetted Pro,125,2026-10-02,"An Australian agency focused on Shopify, with unlimited revisions in every package and lifetime support from the middle package. Apps, speed optimization and email integration are included from the start.","As an agency, several people may work on your store. Replies can take a couple of hours, and the queue is often long.",https://www.fiverr.com/dylanandco/launch-your-shopify-dropshipping-store,,,
shopify-hamzarazzaq,programming-tech/shopify,live,4,SpiderX Web,Best for brand stores with design and copy,"I will design shopify website, shopify store design or shopify website development",4.9,770,Vetted Pro,125,2026-10-02,"A Shopify partner agency with designers and writers on the team, suited to brands that want a custom-looking store rather than a dropshipping template. Unlimited revisions from the middle package.","Longer delivery than most picks, up to two weeks, and the basic package is a single page.",https://www.fiverr.com/hamzarazzaq/create-wordpress-ecommerce-website,,,
shopify-israrkhan44,programming-tech/shopify,live,5,Israr Ul Haq,Best for redesigns and custom store builds,"I will develop, design and build your shopify store or shopify website",4.9,445,Vetted Pro,145,2026-10-02,"A Shopify developer who builds new stores and redesigns existing ones, from a free-theme starter store to a premium theme with up to fifty products. Unlimited revisions throughout, and a short order queue.",Speed optimization is only in the top package.,https://www.fiverr.com/israrkhan44/professionaly-design-and-setu-up-your-shopify-store,,,
shopify-divishha,programming-tech/shopify,live,6,Divishha G.,Best for fast dropshipping store setups,I will build you a ready to sell dropshipping shopify store,4.9,6532,Top Rated,120,2026-10-02,"A dropshipping specialist with one of the largest review histories for Shopify, delivering complete starter stores in three to five days with unlimited revisions and speed optimization in every package.","Focused on dropshipping. Product research does not guarantee sales, so plan your own marketing budget.",https://www.fiverr.com/divishha/create-shopify-dropshipping-store-shopify-website,,,
wordpress-zainmalik96,programming-tech/wordpress,live,1,Zain M,Best overall for bespoke WordPress sites,"I will design, redesign wordpress website or website development",5.0,1289,Vetted Pro,195,2026-10-02,"A senior WordPress designer and developer with a perfect rating across a large review history. The middle package covers a five-page site with a blog, analytics, basic SEO and security, and the top package adds a shop and a month of support.",Larger packages take three weeks. The basic package is a one-page site with two revisions.,https://www.fiverr.com/zainmalik96/create-professional-wordpress-website,,,
wordpress-kazi_talat,programming-tech/wordpress,live,2,KaziTalat,Best for fast Elementor builds,"I will design, redesign wordpress website by elementor website builder",5.0,377,Vetted Pro,100,2026-10-02,"Builds custom WordPress sites with Elementor Pro, from a one-day landing page to a ten-page WooCommerce site in five days. Unlimited revisions in every package, plus speed and security optimization.","Sites rely on Elementor, so you will need to keep that plugin and its license up to date.",https://www.fiverr.com/kazi_talat/wordpress-website-elementor-website-landing-page-psd-to-elementor,,,
wordpress-taibacreation,programming-tech/wordpress,live,3,Khalid M. (Taibacreation),Best for AI features and booking forms,"Our agency will design, redesign your wordpress website into a modern premium brand",4.9,223,Vetted Pro,100,2026-10-02,"A WordPress agency that adds lead forms, booking and simple AI integrations from the start, with unlimited revisions from the middle package and a full site with a store in about ten days.","Ask who will work on your site, and confirm what the AI integration actually does.",https://www.fiverr.com/taibacreation/create-wordpress-responsive-website-theme-page-layout-and-plugins,,,
wordpress-phoebe_johnson,programming-tech/wordpress,live,4,P J,Best for a US-based developer,"I will create website, wordpress website, website design, wordpress website redesign",4.9,153,Vetted Pro,185,2026-10-02,"A Virginia-based WordPress developer with ten years of experience, offering unlimited revisions in every package and hosting setup and store features in the higher tiers.",Delivery can take up to three weeks for the top package.,https://www.fiverr.com/phoebe_johnson/build-website-for-your-wordpress-website-design,,,
wordpress-iparshantrajput,programming-tech/wordpress,live,5,Parshant R.,Best for security and backups included,"I will build, redesign responsive wordpress website design for your business",4.8,544,Vetted Pro,195,2026-10-02,"A WordPress team whose packages include security setup and backups from the start, and a store in every tier. Revisions increase with each package, and the sites are built for owners to manage themselves.","A slightly lower rating than other picks, and the basic package covers only two pages.",https://www.fiverr.com/iparshantrajput/design-redesign-or-fix-your-wordpress-website,,,
squarespace-primitus,programming-tech/squarespace,live,1,Primitus C,Best overall for custom Squarespace sites,I will build a responsive squarespace website,5.0,621,Vetted Pro,350,2026-10-02,"A Squarespace specialist with a perfect rating, building portfolios, brochure sites, blogs and online stores with on-site SEO, hosting setup and email integration in every package.","Asks you to message before ordering, has few revisions (one to three) and delivery takes up to three weeks.",https://www.fiverr.com/primitus/customize-wordpress-theme,,,
squarespace-abdulrehman092,programming-tech/squarespace,live,2,Abdul Rehman,Best for booking features and small stores,I will create squarespace website design or squarespace online store,5.0,235,Vetted Pro,100,2026-10-02,"Builds Squarespace sites and stores quickly, with unlimited revisions in every package. The middle package adds a blog and appointment booking, and the top package sets up an online store with payments.",Asks you to message before ordering. Starts from Squarespace templates you choose.,https://www.fiverr.com/abdulrehman092/create-squarespace-website-design-or-squarespace-online-store,,,
squarespace-billionideas,programming-tech/squarespace,live,3,billionideas.co,Best for a website with branding,I will do a squarespace website design or redesign,4.9,254,Top Rated,150,2026-10-02,"Focuses on clean Squarespace layouts with branding and custom banners, for new sites and redesigns. Speed optimization and hosting setup are included from the basic package.",Only one or two revisions per package.,https://www.fiverr.com/billionideas/do-a-squarespace-website-design-with-logo-and-brand-identity,,,
squarespace-ibrahimshah361,programming-tech/squarespace,live,4,Ibrahim Shah,Best budget pick for redesigns,I will design or redesign squarespace website,4.9,149,Top Rated,95,2026-10-02,"An affordable Squarespace designer for new sites and redesigns, with generous revisions and an hourly option for ongoing changes. Also knows HTML, CSS and JavaScript for small custom tweaks.","No store setup or speed work listed, and fewer years of experience than other picks.",https://www.fiverr.com/ibrahimshah361/design-custom-squarespace-website,,,
voice-over-bdarling17,music-audio/voice-over,live,1,Bob Darling,Best overall deep American male voice,"I will deliver a powerful, deep, american male voice over",5.0,2027,Vetted Pro,120,2026-10-02,"One of the most experienced full-time American male voice actors on the platform, with a perfect rating across thousands of reviews. Commercial and business use rights are included, and he offers three revisions and two-day delivery.","Pricing is by word count, so longer scripts cost more. Broadcast or large ad campaigns may need a custom offer.",https://www.fiverr.com/bdarling17/record-an-american-male-voice-over-narration,,,
voice-over-gregjohnsonvoic,music-audio/voice-over,live,2,Greg Johnson,"Best for a friendly, young male voice",I will record a youthful millennial american male voice over,5.0,1911,Vetted Pro,100,2026-10-02,"A long-standing Top Rated voice actor with a conversational, relatable young male style that suits app videos, explainers, social ads and product demos. Has a large list of repeat buyers.","One revision is included, and delivery is three days.",https://www.fiverr.com/gregjohnsonvoic/record-a-youthful-american-male-voice-over,,,
voice-over-texvox,music-audio/voice-over,live,3,Stephen (Texvox),"Best for a deep, trustworthy narration","I will record a deep, professional english male voice over",5.0,1737,Vetted Pro,125,2026-10-02,"A full-time voice actor with a professional home studio and a deep, warm delivery for corporate videos, narration and ads. States clearly that every recording is a real human voice, never AI.",One revision included. Check usage rights for paid ads or broadcast with the seller.,https://www.fiverr.com/texvox/record-a-professional-quality-affordable-voiceover,,,
voice-over-nicolecarino,music-audio/voice-over,live,4,Nicole Carino,Best female voice for fast turnaround,I will record a female american voiceover fast in 24 hours,5.0,1576,Vetted Pro,150,2026-10-02,"A Nashville-based voice actor and recording artist with over fifteen years of experience, recording from a sound-treated studio and delivering within a day. Suits commercials, corporate videos and children's content.","One revision included, and the starting price is higher than most picks.",https://www.fiverr.com/nicolecarino/record-a-professional-american-female-voiceover,,,
voice-over-jacqueline535,music-audio/voice-over,live,5,Jacquie G.,Best for upbeat corporate and e-learning reads,I will record a professional american female voice over,5.0,465,Vetted Pro,100,2026-10-02,"A versatile female voice that can sound upbeat, conversational, formal or inspirational, with two-day delivery and an hourly option for longer projects such as training modules.",One revision included.,https://www.fiverr.com/jacqueline535/deliver-a-professional-polished-voice-over-for-your-company,,,
voice-over-marissadubs,music-audio/voice-over,live,6,Marissa D.,Best for polished brand commercials,I will record professional american female voice over,5.0,311,Vetted Pro,150,2026-10-02,"A full-time voice actress with experience across more than a thousand projects, delivering finished audio ready to use. A strong choice for brand commercials and product videos.","Standard delivery is a week, slower than other picks, with one revision.",https://www.fiverr.com/marissadubs/record-professional-american-female-voiceover,,,
